[
{"type":"header","version":"5.2.2","comment":"Export to JSON plugin for PHPMyAdmin"},
{"type":"database","name":"anbesanj_tesst"},
{"type":"table","name":"bingo_cards","database":"anbesanj_tesst","data":
[
{"id":"1","card_number":"1","card_numbers":"{\"numbers\": [[15, 22, 37, 56, 65], [2, 27, 41, 52, 68], [7, 17, null, 57, 67, 14], [18, 36, 59, 73, 11], [24, 38, 58, 63]]}"},
{"id":"2","card_number":"2","card_numbers":"{\"numbers\": [[11, 26, 43, 59, 75], [12, 22, 39, 51, 62], [6, 18, null, 56, 65], [13, 28, 33, 52, 66], [8, 23, 40, 47, 71]]}"},
{"id":"3","card_number":"3","card_numbers":"{\"numbers\": [[13, 17, 44, 55, 75], [5, 18, 35, 50, 64], [6, 16, null, 54, 68], [9, 27, 45, 51, 70], [10, 19, 34, 57, 61]]}"},
{"id":"4","card_number":"4","card_numbers":"{\"numbers\": [[6, 20, 38, 51, 66], [13, 25, 43, 56, 69], [7, 23, null, 48, 74], [3, 16, 32, 47, 68], [12, 19, 31, 52, 62]]}"},
{"id":"5","card_number":"5","card_numbers":"{\"numbers\": [[14, 30, 31, 57, 61], [2, 29, 41, 60, 62], [11, 17, null, 54, 66], [15, 25, 38, 46, 63], [6, 20, 37, 52, 74]]}"},
{"id":"6","card_number":"6","card_numbers":"{\"numbers\": [[15, 18, 39, 47, 73], [10, 29, 42, 48, 61], [6, 27, null, 54, 72], [9, 25, 36, 49, 63], [7, 23, 44, 57, 67]]}"},
{"id":"7","card_number":"7","card_numbers":"{\"numbers\": [[1, 20, 37, 55, 74], [2, 21, 34, 49, 66], [3, 28, null, 56, 63], [5, 24, 41, 59, 65], [8, 16, 44, 47, 67]]}"},
{"id":"8","card_number":"8","card_numbers":"{\"numbers\": [[5, 28, 32, 60, 64], [1, 23, 33, 58, 74], [11, 18, null, 56, 72], [14, 16, 42, 49, 71], [3, 26, 36, 51, 61]]}"},
{"id":"9","card_number":"9","card_numbers":"{\"numbers\": [[5, 20, 35, 53, 73], [7, 28, 43, 59, 74], [1, 17, null, 56, 66], [9, 27, 32, 51, 70], [15, 26, 31, 60, 69]]}"},
{"id":"10","card_number":"10","card_numbers":"{\"numbers\": [[2, 20, 41, 48, 75], [6, 29, 39, 46, 68], [7, 27, null, 55, 63], [10, 21, 36, 60, 61], [1, 25, 37, 49, 67]]}"},
{"id":"11","card_number":"11","card_numbers":"{\"numbers\": [[5, 20, 31, 51, 61], [8, 16, 33, 56, 62], [15, 26, null, 54, 71], [14, 17, 37, 55, 75], [1, 23, 36, 50, 64]]}"},
{"id":"12","card_number":"12","card_numbers":"{\"numbers\": [[15, 23, 41, 60, 63], [13, 18, 31, 52, 72], [6, 28, null, 54, 67], [7, 24, 39, 49, 68], [1, 30, 33, 53, 70]]}"},
{"id":"13","card_number":"13","card_numbers":"{\"numbers\": [[7, 27, 41, 48, 70], [15, 28, 43, 60, 72], [3, 19, null, 59, 62], [6, 18, 31, 49, 64], [5, 30, 33, 46, 66]]}"},
{"id":"14","card_number":"14","card_numbers":"{\"numbers\": [[5, 19, 37, 53, 64], [3, 28, 32, 54, 65], [11, 18, null, 57, 63], [4, 29, 36, 50, 70], [8, 26, 35, 55, 67]]}"},
{"id":"15","card_number":"15","card_numbers":"{\"numbers\": [[5, 26, 43, 59, 66], [2, 30, 34, 52, 70], [6, 24, null, 56, 62], [11, 20, 35, 49, 65], [3, 19, 39, 47, 74]]}"},
{"id":"110","card_number":"16","card_numbers":"{\"numbers\": [[5, 20, 32, 50, 61], [12, 19, 40, 55, 75], [9, 17, null, 60, 72], [7, 29, 45, 47, 66], [6, 16, 41, 49, 63]]}"},
{"id":"111","card_number":"17","card_numbers":"{\"numbers\": [[7, 25, 36, 49, 67], [6, 21, 40, 57, 61], [11, 16, null, 51, 66], [9, 18, 44, 52, 70], [5, 23, 35, 59, 63]]}"},
{"id":"112","card_number":"18","card_numbers":"{\"numbers\": [[11, 28, 39, 58, 70], [1, 27, 41, 53, 68], [15, 25, null, 49, 67], [3, 26, 43, 52, 63], [9, 23, 34, 50, 75]]}"},
{"id":"113","card_number":"19","card_numbers":"{\"numbers\": [[13, 29, 44, 53, 73], [4, 24, 41, 48, 62], [8, 30, null, 49, 66], [9, 21, 40, 52, 68], [10, 16, 39, 55, 65]]}"},
{"id":"114","card_number":"20","card_numbers":"{\"numbers\": [[10, 24, 40, 59, 65], [4, 20, 44, 47, 75], [15, 23, null, 50, 67], [6, 18, 39, 54, 70], [13, 16, 35, 48, 68]]}"},
{"id":"115","card_number":"21","card_numbers":"{\"numbers\": [[12, 17, 41, 47, 71], [14, 23, 42, 55, 70], [15, 20, null, 50, 72], [8, 30, 33, 59, 73], [11, 27, 37, 57, 68]]}"},
{"id":"116","card_number":"22","card_numbers":"{\"numbers\": [[12, 18, 44, 49, 64], [7, 25, 40, 56, 71], [11, 23, null, 50, 62], [9, 19, 35, 55, 69], [8, 22, 37, 51, 73]]}"},
{"id":"117","card_number":"23","card_numbers":"{\"numbers\": [[12, 27, 39, 47, 71], [13, 24, 36, 49, 65], [2, 20, null, 55, 73], [6, 28, 42, 58, 75], [11, 23, 33, 59, 69]]}"},
{"id":"118","card_number":"24","card_numbers":"{\"numbers\": [[9, 24, 40, 54, 69], [6, 26, 39, 60, 63], [2, 29, null, 56, 74], [12, 23, 35, 48, 72], [15, 21, 45, 52, 65]]}"},
{"id":"119","card_number":"25","card_numbers":"{\"numbers\": [[13, 28, 44, 58, 73], [10, 30, 43, 49, 67], [6, 18, null, 60, 63], [1, 27, 39, 52, 61], [4, 25, 34, 56, 69]]}"},
{"id":"120","card_number":"26","card_numbers":"{\"numbers\": [[12, 27, 41, 50, 65], [4, 29, 34, 51, 69], [11, 26, null, 46, 71], [3, 24, 33, 60, 70], [1, 21, 31, 58, 63]]}"},
{"id":"121","card_number":"27","card_numbers":"{\"numbers\": [[9, 26, 45, 47, 74], [13, 18, 31, 51, 68], [6, 27, null, 59, 63], [11, 16, 42, 60, 69], [5, 29, 35, 46, 73]]}"},
{"id":"122","card_number":"28","card_numbers":"{\"numbers\": [[7, 25, 42, 55, 74], [13, 28, 43, 46, 67], [3, 29, null, 59, 70], [14, 16, 33, 60, 68], [6, 20, 34, 50, 72]]}"},
{"id":"123","card_number":"29","card_numbers":"{\"numbers\": [[4, 29, 44, 50, 61], [8, 28, 37, 51, 66], [1, 17, null, 52, 68], [7, 22, 42, 57, 70], [10, 23, 35, 53, 71]]}"},
{"id":"124","card_number":"30","card_numbers":"{\"numbers\": [[3, 27, 39, 56, 65], [15, 28, 33, 53, 75], [12, 16, null, 58, 62], [13, 26, 32, 54, 71], [6, 20, 41, 51, 61]]}"},
{"id":"125","card_number":"31","card_numbers":"{\"numbers\": [[5, 16, 35, 49, 70], [9, 23, 42, 60, 68], [4, 26, null, 56, 73], [3, 20, 45, 50, 61], [6, 25, 44, 54, 74]]}"},
{"id":"126","card_number":"32","card_numbers":"{\"numbers\": [[7, 24, 44, 58, 69], [14, 16, 42, 60, 72], [8, 29, null, 46, 74], [1, 21, 34, 59, 62], [9, 17, 33, 49, 75]]}"},
{"id":"127","card_number":"33","card_numbers":"{\"numbers\": [[14, 26, 33, 47, 69], [7, 18, 44, 55, 67], [12, 25, null, 52, 65], [9, 20, 45, 56, 73], [13, 19, 42, 51, 62]]}"},
{"id":"128","card_number":"34","card_numbers":"{\"numbers\": [[11, 16, 33, 56, 74], [3, 17, 38, 58, 73], [15, 27, null, 50, 67], [13, 25, 36, 57, 66], [2, 24, 32, 52, 65]]}"},
{"id":"129","card_number":"35","card_numbers":"{\"numbers\": [[8, 20, 35, 50, 70], [1, 23, 38, 53, 73], [11, 19, null, 51, 68], [3, 28, 43, 56, 67], [5, 27, 41, 59, 63]]}"},
{"id":"130","card_number":"36","card_numbers":"{\"numbers\": [[15, 20, 42, 51, 70], [3, 18, 44, 47, 67], [4, 28, null, 60, 74], [8, 24, 39, 49, 73], [13, 22, 31, 56, 75]]}"},
{"id":"131","card_number":"37","card_numbers":"{\"numbers\": [[12, 27, 44, 55, 69], [1, 22, 37, 51, 63], [4, 24, null, 57, 64], [8, 21, 43, 53, 71], [6, 20, 41, 54, 70]]}"},
{"id":"132","card_number":"38","card_numbers":"{\"numbers\": [[10, 21, 32, 49, 74], [1, 18, 41, 48, 75], [2, 19, null, 60, 62], [6, 27, 37, 53, 67], [8, 29, 35, 55, 68]]}"},
{"id":"133","card_number":"39","card_numbers":"{\"numbers\": [[14, 23, 45, 60, 63], [5,28, 38, 52, 72 ], [7, 30, null, 59, 62], [2, 22, 32, 54, 67], [9, 19, 31, 56, 70]]}"},
{"id":"134","card_number":"40","card_numbers":"{\"numbers\": [[1, 29, 36, 52, 66], [4, 23, 33, 47, 73], [9, 30, null, 60, 63], [3, 20, 45, 55, 69], [6, 24, 42, 46, 74]]}"},
{"id":"135","card_number":"41","card_numbers":"{\"numbers\": [[1, 23, 31, 60, 69], [6, 22, 37, 50, 70], [13, 19, null, 58, 75], [5, 28, 42, 54, 64], [3, 27, 38, 47, 66]]}"},
{"id":"136","card_number":"42","card_numbers":"{\"numbers\": [[15, 16, 45, 60, 67], [1, 22, 41, 54, 70], [4, 30, null, 56, 62], [5, 26, 44, 51, 75], [8, 25, 31, 48, 71]]}"},
{"id":"137","card_number":"43","card_numbers":"{\"numbers\": [[11, 17, 35, 48, 62], [5, 23, 38, 52, 75], [7, 25, null, 51, 63], [1, 26, 44, 53, 73], [15, 30, 41, 46, 65]]}"},
{"id":"138","card_number":"44","card_numbers":"{\"numbers\": [[12, 19, 44, 46, 61], [8, 16, 42, 48, 71], [7, 26, null, 56, 67], [1, 17, 45, 58, 64], [5, 29, 38, 54, 74]]}"},
{"id":"139","card_number":"45","card_numbers":"{\"numbers\": [[7, 16, 42, 52, 64], [10, 20, 35, 57, 72], [14, 27, null, 58, 69], [8, 17, 33, 55, 63], [6, 19, 32, 59, 61]]}"},
{"id":"140","card_number":"46","card_numbers":"{\"numbers\": [[8, 19, 45, 57, 69], [10, 24, 35, 49, 62], [9, 30, null, 53, 66], [11, 18, 44, 51, 65], [4, 25, 31, 48, 68]]}"},
{"id":"141","card_number":"47","card_numbers":"{\"numbers\": [[14, 29, 38, 53, 66], [11, 20, 35, 58, 74], [10, 17, null, 59, 61], [4, 25, 44, 56, 75], [7, 23, 37, 49, 64]]}"},
{"id":"142","card_number":"48","card_numbers":"{\"numbers\": [[14, 22, 45, 53, 67], [7, 23, 44, 59, 74], [8, 29, null, 52, 68], [10, 24, 34, 55, 70], [9, 25, 38, 54, 71]]}"},
{"id":"143","card_number":"49","card_numbers":"{\"numbers\": [[1, 24, 35, 59, 64], [7, 29, 40, 50, 73], [8, 23, null, 57, 75], [12, 27, 32, 48, 61], [10, 18, 39, 54, 62]]}"},
{"id":"144","card_number":"50","card_numbers":"{\"numbers\": [[13, 27, 32, 57, 74], [15, 17, 31, 46, 65], [8, 30, null, 55, 63], [3, 21, 34, 60, 70], [5, 25, 37, 53, 66]]}"},
{"id":"145","card_number":"51","card_numbers":"{\"numbers\": [[15, 16, 43, 56, 63], [14, 30, 32, 49, 65], [9, 20, null, 51, 62], [11, 25, 44, 52, 69], [4, 26, 34, 48, 70]]}"},
{"id":"146","card_number":"52","card_numbers":"{\"numbers\": [[2, 21, 35, 59, 68], [3, 19, 41, 58, 67], [11, 24, null, 54, 62], [5, 16, 34, 53, 65], [7, 17, 39, 47, 63]]}"},
{"id":"147","card_number":"53","card_numbers":"{\"numbers\": [[9, 28, 40, 51, 71], [1, 29, 31, 46, 75], [2, 27, null, 50, 64], [5, 23, 41, 47, 66], [6, 30, 45, 53, 72]]}"},
{"id":"148","card_number":"54","card_numbers":"{\"numbers\": [[13, 20, 34, 47, 63], [2, 21, 44, 58, 73], [3, 28, null, 48, 62], [6, 16, 43, 50, 66], [5, 17, 38, 51, 65]]}"},
{"id":"149","card_number":"55","card_numbers":"{\"numbers\": [[14, 16, 45, 56, 75], [8, 23, 43, 47, 69], [1, 19, null, 57, 74], [5, 18, 41, 52, 72], [11, 21, 34, 46, 68]]}"},
{"id":"150","card_number":"56","card_numbers":"{\"numbers\": [[1, 25, 36, 60, 74], [5, 30, 43, 50, 72], [7, 21, null, 55, 69], [12, 24, 34, 51, 71], [15, 17, 40, 49, 63]]}"},
{"id":"151","card_number":"57","card_numbers":"{\"numbers\": [[10, 23, 33, 60, 69], [2, 20, 40, 56, 75], [3, 22, null, 59, 68], [7, 30, 44, 53, 65], [9, 19, 31, 58, 61]]}"},
{"id":"152","card_number":"58","card_numbers":"{\"numbers\": [[2, 30, 32, 46, 62], [5, 21, 35, 51, 63], [13, 20, null, 50, 64], [11, 23, 39, 54, 66], [1, 29, 44, 57, 73]]}"},
{"id":"153","card_number":"59","card_numbers":"{\"numbers\": [[13, 19, 39, 52, 71], [1, 25, 37, 50, 74], [4, 18, null, 55, 61], [7, 21, 44, 47, 64], [5, 30, 41, 49, 66]]}"},
{"id":"154","card_number":"60","card_numbers":"{\"numbers\": [[4, 22, 36, 49, 61], [2, 18, 37, 60, 63], [14, 26, null, 59, 65], [7, 21, 42, 57, 73], [10, 20, 31, 46, 75]]}"},
{"id":"155","card_number":"61","card_numbers":"{\"numbers\": [[12, 25, 37, 57, 69], [8, 23, 43, 53, 65], [6, 18, null, 46, 72], [1, 16, 44, 48, 62], [9, 24, 32, 56, 68]]}"},
{"id":"156","card_number":"62","card_numbers":"{\"numbers\": [[1, 20, 31, 54, 69], [7, 28, 36, 60, 68], [15, 30, null, 47, 74], [11, 17, 37, 53, 67], [3, 22, 44, 58, 72]]}"},
{"id":"157","card_number":"63","card_numbers":"{\"numbers\": [[3, 17, 40, 46, 73], [13, 21, 42, 52, 63], [6, 20, null, 56, 69], [9, 19, 34, 47, 71], [10,26, 45, 53, 68]]}"},
{"id":"158","card_number":"64","card_numbers":"{\"numbers\": [[12, 19, 38, 50, 66], [3, 21, 34, 52, 71], [4, 22, null, 48, 72], [6, 26, 33, 58, 62], [9, 20, 42, 57, 64]]}"},
{"id":"159","card_number":"65","card_numbers":"{\"numbers\": [[13, 16, 31, 58, 75], [5,25, 37, 60, 62], [ 8, 26, null, 47, 64], [9, 27, 43, 49, 66], [11, 22, 44, 51, 68]]}"},
{"id":"160","card_number":"66","card_numbers":"{\"numbers\": [[11, 25, 37, 59, 72], [7, 27, 40, 47, 67], [1, 23, null, 52, 69], [10, 24, 45, 49, 66], [4, 16, 39, 60, 63]]}"},
{"id":"161","card_number":"67","card_numbers":"{\"numbers\": [[12, 27, 42, 47, 61], [13, 26, 39, 54, 72], [6, 21, null, 50, 74], [5, 24, 33, 58, 69], [11, 23, 36, 56, 70]]}"},
{"id":"162","card_number":"68","card_numbers":"{\"numbers\": [[7, 30, 35, 59, 62], [15, 29, 33, 60, 67], [11, 27, null, 51, 71], [4, 26, 37, 52, 73], [13, 22, 31, 55, 66]]}"},
{"id":"163","card_number":"69","card_numbers":"{\"numbers\": [[15, 18, 34, 49, 68], [5, 20, 40, 51, 61], [7, 22, null, 56, 69], [6, 26, 35, 58, 62], [9, 28, 42, 52, 70]]}"},
{"id":"164","card_number":"70","card_numbers":"{\"numbers\": [[7, 29, 43, 58, 67], [8, 23, 33, 47, 68], [10, 24, null, 48, 69], [12, 17, 39, 52, 73], [14, 18, 36, 56, 62]]}"},
{"id":"165","card_number":"71","card_numbers":"{\"numbers\": [[2, 30, 31, 47, 73], [3, 16, 36, 53, 71], [8, 26, null, 56, 68], [6, 23, 33, 58, 75], [9, 19, 45, 50, 63]]}"},
{"id":"166","card_number":"72","card_numbers":"{\"numbers\": [[2, 23, 42, 47, 73], [11, 28, 40, 53, 70], [8, 21, null, 57, 64], [7, 27, 44, 55, 66], [1, 19, 35, 48, 72]]}"},
{"id":"167","card_number":"73","card_numbers":"{\"numbers\": [[14, 18, 37, 60, 62], [7, 24, 31, 51, 63], [13, 30, null, 55, 71], [10, 25, 43, 58, 74], [3, 22, 38, 56, 64]]}"},
{"id":"168","card_number":"74","card_numbers":"{\"numbers\": [[10, 19, 39, 53, 65], [6, 23, 35, 47, 72], [15, 16, null, 57, 74], [5, 22, 34, 52, 73], [7, 17, 44, 60, 61]]}"},
{"id":"169","card_number":"75","card_numbers":"{\"numbers\": [[10, 27, 41, 57, 73], [1, 29, 35, 51, 62], [3, 17, null, 54, 64], [9, 19, 32, 47, 65], [4, 24, 39, 58, 69]]}"},
{"id":"170","card_number":"76","card_numbers":"{\"numbers\": [[14, 30, 31, 47, 62], [15, 29, 34, 60, 63], [2, 19, null, 59, 68], [5, 21, 39, 54, 70], [7, 23, 41, 55, 69]]}"},
{"id":"171","card_number":"77","card_numbers":"{\"numbers\": [[15, 22, 38, 49, 67], [11, 23, 37, 52, 72], [10, 29, null, 47, 71], [8, 18, 39, 56, 66], [9, 20, 36, 60, 63]]}"},
{"id":"172","card_number":"78","card_numbers":"{\"numbers\": [[13, 18, 34, 53, 68], [4, 17, 41, 52, 61], [3, 20, null, 59, 64], [10, 29, 32, 54, 65], [5, 28, 40, 50, 73]]}"},
{"id":"173","card_number":"79","card_numbers":"{\"numbers\": [[3, 26, 39, 46, 71], [2, 30, 42, 57, 61], [12, 19, null, 58, 66], [4, 22, 38, 59, 67], [6, 21, 40, 52, 62]]}"},
{"id":"174","card_number":"80","card_numbers":"{\"numbers\": [[2, 23, 45, 53, 70], [12, 18, 36, 58, 64], [15, 20, null, 48, 63], [7, 22, 34, 52, 71], [3, 16, 42, 46, 72]]}"},
{"id":"175","card_number":"81","card_numbers":"{\"numbers\": [[13, 28, 43, 48, 74], [9, 19, 37, 57, 68], [11, 23, null, 56, 61], [4, 30, 44, 51, 67], [6, 16, 38, 46, 75]]}"},
{"id":"176","card_number":"82","card_numbers":"{\"numbers\": [[11, 23, 40, 56, 68], [2, 28, 45, 47, 72], [7, 27, null, 59, 73], [6, 20, 38, 51, 63], [12, 30, 35, 46, 74]]}"},
{"id":"177","card_number":"83","card_numbers":"{\"numbers\": [[5, 26, 45, 56, 70], [11, 18, 43, 49, 74], [1, 28, null, 52, 66], [4, 21, 41, 57, 68], [10, 23, 38, 54, 69]]}"},
{"id":"178","card_number":"84","card_numbers":"{\"numbers\": [[3, 27, 45, 52, 73], [7, 18, 44, 55, 67], [12, 25, null, 58, 65], [9, 20, 40, 56, 70], [13, 19, 42, 51, 62]]}"},
{"id":"179","card_number":"85","card_numbers":"{\"numbers\": [[7, 30, 35, 54, 62], [5, 29, 33, 60, 67], [11, 27, null, 51, 71], [4, 26, 37, 52, 73], [13, 22, 31, 59, 66]]}"},
{"id":"180","card_number":"86","card_numbers":"{\"numbers\": [[7, 22, 38, 56, 74], [9, 28, 44, 46, 67], [13, 19, null, 59, 73], [15, 16, 36, 57, 61], [14, 29, 40, 50, 65]]}"},
{"id":"181","card_number":"87","card_numbers":"{\"numbers\": [[12, 16, 37, 58, 73], [1, 20, 40, 48, 75], [ 7, 19, null, 50, 70], [ 8, 26, 33, 56, 67], [6, 24, 38, 54, 63]]}"},
{"id":"182","card_number":"88","card_numbers":"{\"numbers\": [[7, 24, 41, 54, 70], [10, 18, 44, 49, 75], [15, 17, null, 58, 73], [2, 28, 34, 57, 67], [3, 22, 31, 53, 71]]}"},
{"id":"183","card_number":"89","card_numbers":"{\"numbers\": [[7, 18, 38, 50, 69], [10, 29, 42, 59, 74], [15, 16, null, 56, 70], [1, 24, 43, 49, 73], [5, 23, 33, 48, 65]]}"},
{"id":"184","card_number":"90","card_numbers":"{\"numbers\": [[2, 24, 40, 50, 62], [6, 21, 43, 60, 63], [11, 19, null, 58, 64], [15, 27, 34, 47, 69], [1, 28, 35, 51, 73]]}"},
{"id":"185","card_number":"91","card_numbers":"{\"numbers\": [[12, 17, 33, 52, 61], [6, 19, 42, 57, 69], [8, 21, null, 60, 75], [11, 25, 34, 55, 68], [7, 26, 43, 46, 71]]}"},
{"id":"186","card_number":"92","card_numbers":"{\"numbers\": [[6, 23, 39, 56, 75], [12, 24, 40, 58, 66], [8, 30, null, 48, 68], [7, 20, 42, 49, 62], [2, 21, 36, 51, 70]]}"},
{"id":"187","card_number":"93","card_numbers":"{\"numbers\": [[15, 23, 36, 52, 71], [14, 30, 41, 59, 68], [2, 29, null, 55, 75], [5, 21, 40, 54, 63], [4, 20, 37, 58, 70]]}"},
{"id":"188","card_number":"94","card_numbers":"{\"numbers\": [[8, 28, 42, 49, 71], [1, 29, 44, 54, 73], [4, 20, null, 60, 63], [7, 19, 32, 50, 65], [6, 16, 34, 47, 67]]}"},
{"id":"189","card_number":"95","card_numbers":"{\"numbers\": [[15, 24, 37, 46, 63], [5, 20, 35, 52, 67], [13, 30, null, 56, 74], [2, 23, 40, 47, 75], [8, 27, 39, 60, 66]]}"},
{"id":"190","card_number":"96","card_numbers":"{\"numbers\": [[6, 21, 36, 57, 63], [14, 25, 45, 46, 61], [13, 27, null, 48, 66], [3, 24, 35, 59, 65], [5, 29, 43, 54, 62]]}"},
{"id":"191","card_number":"97","card_numbers":"{\"numbers\": [[8, 24, 38, 53, 71], [9, 30, 34, 47, 69], [12, 23, null, 9, 7], [3, 19, 37, 59, 68], [1, 18, 39, 56, 63]]}"},
{"id":"192","card_number":"98","card_numbers":"{\"numbers\": [[8, 16, 37, 57, 68], [13, 29, 36, 54, 63], [3, 21, null, 56, 67], [6, 26, 33, 52, 70], [5, 24, 45, 59, 73]]}"},
{"id":"193","card_number":"99","card_numbers":"{\"numbers\": [[12, 28, 36, 51, 68], [10, 21, 45, 50, 74], [4, 16, null, 60, 70], [6, 22, 39, 56, 72], [1, 27, 40, 49, 63]]}"},
{"id":"194","card_number":"100","card_numbers":"{\"numbers\": [[2, 26, 36, 60, 67], [5, 19, 45, 56, 66], [7, 22, null, 47, 69], [6, 28, 38, 55, 63], [4, 27, 37, 57, 62]]}"},
{"id":"195","card_number":"101","card_numbers":"{\"numbers\": [[8, 24, 39, 53, 68], [14, 19, 36, 58, 72], [3, 25, null, 59, 61], [2, 16, 35, 47, 63], [5, 26, 34, 50, 75]]}"},
{"id":"196","card_number":"102","card_numbers":"{\"numbers\": [[14, 22, 33, 53, 70], [13, 20, 37, 47, 63], [4, 24, null, 57, 67], [8, 18, 35, 52, 69], [3, 26, 34, 49, 71]]}"},
{"id":"197","card_number":"103","card_numbers":"{\"numbers\": [[9, 25, 39, 54, 61], [10, 16, 35, 48, 70], [3, 24, null, 50, 71], [14, 20, 38, 60, 69], [2, 17, 40, 57, 64]]}"},
{"id":"198","card_number":"104","card_numbers":"{\"numbers\": [[14, 21, 34, 59, 63], [6, 19, 38, 48, 65], [2, 27, null, 52, 73], [7, 16, 43, 46, 66], [12, 17, 45, 55, 72]]}"},
{"id":"199","card_number":"105","card_numbers":"{\"numbers\": [[9, 26, 35, 50, 65], [10, 24, 34, 51, 69], [7, 30, null, 47, 66], [3, 19, 36, 46, 62], [11, 16, 37, 48, 67]]}"},
{"id":"200","card_number":"106","card_numbers":"{\"numbers\": [[7, 27, 33, 54, 62], [6, 25, 45, 52, 66], [10, 30, null, 49, 73], [5, 23, 44, 57, 67], [11, 16, 38, 59, 71]]}"},
{"id":"201","card_number":"107","card_numbers":"{\"numbers\": [[1, 16, 33, 46, 75], [9, 18, 42, 51, 61], [7, 19, null, 57, 71], [15, 30, 36, 48, 62], [6, 27, 31, 60, 67]]}"},
{"id":"202","card_number":"108","card_numbers":"{\"numbers\": [[10, 22, 43, 49, 70], [15, 16, 42, 56, 63], [12, 24, null, 55, 69], [3, 30, 31, 50, 74], [13, 21, 37, 52, 67]]}"},
{"id":"203","card_number":"109","card_numbers":"{\"numbers\": [[14, 25, 32, 48, 61], [10, 27, 43, 52, 64], [11, 30, null, 55, 66], [12, 22, 34, 56, 68], [13, 17, 38, 58, 70]]}"},
{"id":"204","card_number":"110","card_numbers":"{\"numbers\": [[14, 29, 37, 51, 66], [11, 23, 40, 57, 65], [1, 18, null, 52, 75], [2, 22, 36, 47, 74], [5, 26, 39, 56, 62]]}"},
{"id":"205","card_number":"111","card_numbers":"{\"numbers\": [[8, 18, 39, 48, 70], [5, 19, 35, 55, 66], [9, 29, null, 57, 72], [1, 25, 38, 60, 63], [11, 20, 42, 46, 67]]}"},
{"id":"206","card_number":"112","card_numbers":"{\"numbers\": [[2, 23, 44, 49, 63], [7, 19, 32, 50, 66], [10, 29, null, 57, 67], [14, 25, 34, 59, 72], [1, 30, 42, 46, 75]]}"},
{"id":"207","card_number":"113","card_numbers":"{\"numbers\": [[1, 28, 45, 48, 65], [4, 27, 41, 46, 64], [6, 26, null, 51, 68], [5, 16, 32, 56, 69], [3, 20, 31, 55, 61]]}"},
{"id":"208","card_number":"114","card_numbers":"{\"numbers\": [[12, 28, 44, 60, 75], [13, 27, 32, 58, 61], [15, 17, null, 57, 66], [3, 19, 37, 52, 68], [5, 21, 41, 53, 69]]}"},
{"id":"209","card_number":"115","card_numbers":"{\"numbers\": [[10, 26, 41, 52, 75], [8, 28, 37, 58, 66], [1, 16, null, 56, 74], [15, 25, 45, 46, 68], [6, 18, 39, 47, 63]]}"},
{"id":"211","card_number":"116","card_numbers":"{\"numbers\": [[8, 25, 38, 54, 69], [4, 21, 36, 58, 62], [2, 23, null, 52, 73], [3, 28, 43, 48, 74], [13, 27, 35, 59, 70]]}"},
{"id":"212","card_number":"117","card_numbers":"{\"numbers\": [[2, 28, 32, 50, 72], [4, 27, 39, 58, 61], [5, 17, null, 52, 62], [8, 24, 40, 60, 66], [3, 22, 41, 51, 64]]}"},
{"id":"213","card_number":"118","card_numbers":"{\"numbers\": [[2, 24, 31, 57, 61], [9, 27, 44, 59, 68], [1, 30, null, 50, 63], [13, 29, 35, 56, 75], [5, 28, 33, 58, 64]]}"},
{"id":"214","card_number":"119","card_numbers":"{\"numbers\": [[2, 30, 42, 56, 67], [12, 25, 35, 57, 66], [3, 17, null, 55, 71], [1, 29, 43, 54, 70], [8, 20, 31, 48, 72]]}"},
{"id":"215","card_number":"120","card_numbers":"{\"numbers\": [[4, 24, 34, 57, 64], [12, 30, 41, 47, 69], [13, 17, null, 55, 74], [15, 19, 42, 53, 73], [8, 21, 33, 59, 63]]}"},
{"id":"216","card_number":"121","card_numbers":"{\"numbers\": [[13, 17, 33, 57, 61], [5, 23, 39, 55, 63], [3, 20, null, 53, 70], [15, 16, 38, 49, 71], [1, 28, 37, 58, 69]]}"},
{"id":"217","card_number":"122","card_numbers":"{\"numbers\": [[8, 26, 32, 46, 69], [10, 18, 42, 56, 65], [4, 20, null, 58, 72], [3, 21, 36, 55, 66], [13, 23, 37, 50, 61]]}"},
{"id":"218","card_number":"123","card_numbers":"{\"numbers\": [[4, 26, 41, 53, 74], [7, 29, 32, 52, 62], [3, 22, null, 47, 70], [15, 25, 42, 73, 2], [28, 33, 51, 61]]}"},
{"id":"219","card_number":"124","card_numbers":"{\"numbers\": [[5, 21, 37, 54, 64], [9, 25, 32, 52, 67], [11, 29, null, 50, 63], [3, 30, 33, 57, 68], [4, 19, 34, 60, 66]]}"},
{"id":"220","card_number":"125","card_numbers":"{\"numbers\": [[4, 21, 34, 49, 73], [13, 23, 35, 56, 75], [9, 17, null, 50, 63], [3, 28, 36, 52, 66], [6, 29, 45, 57, 72]]}"},
{"id":"221","card_number":"126","card_numbers":"{\"numbers\": [[11, 16, 37, 50, 74], [6, 25, 38, 60, 72], [4, 24, null, 53, 65], [10, 22, 44, 54, 73], [1, 21, 40, 49, 63]]}"},
{"id":"222","card_number":"127","card_numbers":"{\"numbers\": [[3, 19, 36, 53, 71], [11, 26, 32, 49, 74], [2, 18, null, 56, 70], [9, 21, 41, 54, 62], [14, 25, 35, 55, 63]]}"},
{"id":"223","card_number":"128","card_numbers":"{\"numbers\": [[7, 17, 42, 46, 71], [8, 29, 31, 58, 65], [9, 22, null, 48, 69], [12, 30, 40, 53, 62], [4, 18, 36, 60, 67]]}"},
{"id":"224","card_number":"129","card_numbers":"{\"numbers\": [[13, 16, 44, 47, 73], [6, 20, 41, 55, 63], [8, 30, null, 59, 69], [5, 17, 43, 51, 75], [9, 19, 32, 46, 72]]}"},
{"id":"225","card_number":"130","card_numbers":"{\"numbers\": [[8, 27, 44, 60, 71], [9, 18, 36, 48, 67], [14, 22, null, 54, 65], [1, 25, 31, 59, 74], [15, 29, 35, 55, 69]]}"},
{"id":"226","card_number":"131","card_numbers":"{\"numbers\": [[6, 22, 35, 51, 74], [15, 18, 39, 55, 73], [4, 20, null, 50, 65], [7, 28, 42, 47, 70], [9, 27, 43, 53, 69]]}"},
{"id":"227","card_number":"132","card_numbers":"{\"numbers\": [[12, 22, 34, 57, 66], [4, 17, 43, 55, 73], [5, 26, null, 48, 69], [1, 27, 31, 50, 68], [8, 24, 45, 58, 72]]}"},
{"id":"228","card_number":"133","card_numbers":"{\"numbers\": [[11, 17, 42, 55, 66], [10, 29, 33, 59, 74], [5, 26, null, 51, 69], [2, 16, 37, 58, 73], [3, 18, 41, 50, 71]]}"},
{"id":"229","card_number":"134","card_numbers":"{\"numbers\": [[11, 20, 37, 57, 72], [10, 28, 43, 46, 75], [4, 27, null, 51, 68], [3, 23, 34, 60, 70], [5, 26, 42, 47, 63]]}"},
{"id":"230","card_number":"135","card_numbers":"{\"numbers\": [[15, 29, 43, 47, 66], [13, 19, 37, 49, 61], [2, 17, null, 56, 68], [5, 30, 45, 48, 73], [14, 27, 41, 54, 67]]}"},
{"id":"231","card_number":"136","card_numbers":"{\"numbers\": [[8, 17, 43, 49, 61], [3, 22, 38, 55, 65], [5, 28, null, 57, 69], [14, 30, 39, 48, 75], [9, 18, 45, 51, 67]]}"},
{"id":"232","card_number":"137","card_numbers":"{\"numbers\": [[8, 25, 32, 47, 66], [4, 29, 41, 60, 67], [7, 18, null, 52, 63], [13, 16, 44, 46, 69], [2, 27, 45, 58, 71]]}"},
{"id":"233","card_number":"138","card_numbers":"{\"numbers\": [[11, 22, 45, 47, 61], [6, 20, 44, 53, 70], [8, 27, null, 58, 75], [12, 28, 33, 49, 63], [7, 19, 35, 50, 68]]}"},
{"id":"234","card_number":"139","card_numbers":"{\"numbers\": [[1, 26, 39, 59, 69], [15, 17, 42, 50, 74], [10, 23, null, 57, 68], [11, 19, 40, 51, 72], [3, 16, 41, 49, 63]]}"},
{"id":"235","card_number":"140","card_numbers":"{\"numbers\": [[7, 27, 38, 53, 75], [15, 30, 33, 52, 67], [6, 20, null, 46, 72], [10, 23, 31, 57, 63], [2, 25, 34, 47, 74]]}"},
{"id":"236","card_number":"141","card_numbers":"{\"numbers\": [[11, 26, 34, 53, 74], [1, 23, 44, 46, 64], [2, 18, null, 50, 61], [9, 21, 33, 58, 69], [7, 24, 38, 47, 71]]}"},
{"id":"237","card_number":"142","card_numbers":"{\"numbers\": [[15, 17, 32, 52, 75], [13, 20, 31, 58, 63], [2, 21, null, 47, 67], [14, 19, 43, 54, 70], [9, 23, 39, 46, 68]]}"},
{"id":"238","card_number":"143","card_numbers":"{\"numbers\": [[12, 22, 42, 54, 71], [10, 29, 38, 57, 64], [7, 19, null, 58, 69], [8, 18, 44, 55, 61], [9, 30, 43, 46, 62]]}"},
{"id":"239","card_number":"144","card_numbers":"{\"numbers\": [[13, 18, 36, 46, 68], [7, 20, 37, 58, 70], [10, 24, null, 48, 62], [4, 16, 42, 53, 65], [12, 23, 31, 55, 73]]}"},
{"id":"240","card_number":"145","card_numbers":"{\"numbers\": [[11, 21, 43, 58, 67], [15, 25, 42, 55, 71], [2, 17, null, 54, 73], [12, 30, 40, 49, 66], [9, 23, 32, 46, 61]]}"},
{"id":"241","card_number":"146","card_numbers":"{\"numbers\": [[9, 23, 40, 55, 74], [8, 19, 39, 48, 69], [2, 17, null, 50, 66], [12, 29, 34, 49, 75], [15, 22, 45, 59, 63]]}"},
{"id":"242","card_number":"147","card_numbers":"{\"numbers\": [[10, 25, 42, 55, 67], [9, 29, 35, 46, 70], [4, 24, null, 52, 61], [2, 18, 40, 57, 71], [15, 28, 33, 50, 64]]}"},
{"id":"243","card_number":"148","card_numbers":"{\"numbers\": [[5, 23, 34, 59, 61], [15, 25, 33, 48, 62], [2, 28, null, 56, 73], [10, 20, 44, 46, 72], [12, 29, 32, 49, 68]]}"},
{"id":"244","card_number":"149","card_numbers":"{\"numbers\": [[14, 29, 38, 60, 70], [13, 28, 42, 47, 71], [5, 20, null, 48, 65], [9, 26, 31, 49, 68], [8, 17, 45, 59, 72]]}"},
{"id":"245","card_number":"150","card_numbers":"{\"numbers\": [[6, 18, 42, 53, 68], [7, 16, 41, 55, 75], [1, 19, null, 48, 74], [5, 22, 34, 56, 69], [14, 30, 39, 51, 65]]}"}
]
}
]
